round,RS_ACC,RS_N,RS_S,RS_V,RS_run_time,,LCDO_ACC,LCDO_N,LCDO_S,LCDO_V,LCDO_run_time,,MSDO_ACC,MSDO_N,MSDO_S,MSDO_V,MSDO_run_time,,ESDO_accuracy,ESDO_N,ESDO_S,ESDO_V,ESDO_run_time,,KMS_ACC,KMS_N,KMS_S,KMS_V,KMS_run_time
0,0.7148001,0.8335387,0,0.0117302,117.26,,0.714303452,0.833345405,0,0,115.84,,0.714303,0.833345,0,0,115.7384,,0.714303452,0.833345405,0,0,118.2115617,,0.714303452,0.833345405,0,0,115.8516908
1,0.7215048,0.8348942,0,0.2379064,122.48,,0.714303452,0.833345405,0,0,233.18,,0.714303,0.833345,0,0,232.69,,0.714303452,0.833345405,0,0,234.04,,0.714303452,0.833345405,0,0,153.34
2,0.7282096,0.8386001,0,0.2910798,128.32,,0.714303452,0.833345405,0,0,237.11,,0.714303,0.833345,0,0,237.72,,0.714303452,0.833345405,0,0,241.47,,0.714675937,0.833454124,0,0.01171875,156.42
3,0.7241122,0.8330523,0.0030628,0.4510251,131.11,,0.714303452,0.833345405,0,0,241.99,,0.714303,0.833345,0,0,244.63,,0.714303452,0.833345405,0,0,243.36,,0.722870623,0.833220797,0,0.360348292,158.97
4,0.7344177,0.8382625,0.0558659,0.5118203,136.65,,0.721256519,0.833320926,0,0.30525558,248.85,,0.722746,0.834963,0,0.279879,246.63,,0.714924261,0.833574949,0,0.015594542,246.4,,0.724733052,0.834696481,0,0.367892977,166.27
5,0.6939409,0.8004465,0.275489,0.5798932,140.5,,0.72982369,0.837779272,0,0.378303199,251.04,,0.733424,0.83868,0,0.446984,249.89,,0.717035014,0.828912366,0,0.386786787,252.89,,0.724981376,0.834574588,0,0.381948986,170.99
6,0.7149243,0.8171658,0.3009709,0.6234987,146.71,,0.7434815,0.843664122,0.022624434,0.531510107,255.91,,0.736404,0.839745,0.022059,0.493099,254.11,,0.721256519,0.829317425,0.006125574,0.478100264,261.25,,0.737770052,0.841325064,0.012185834,0.472981564,176.9
7,0.7073504,0.8110939,0.3191964,0.6144307,150.51,,0.741494909,0.84109398,0.037463977,0.571428571,262.16,,0.749441,0.84598,0.091512,0.611142,260.19,,0.730816985,0.833620555,0.087897228,0.536768653,260.15,,0.744847281,0.844012646,0.023970037,0.5654102,181.45
8,0.7042463,0.804492,0.3377177,0.652568,155.56,,0.753290291,0.848329846,0.066057625,0.613916947,263.98,,0.751304,0.846553,0.12956,0.625561,265,,0.741619071,0.836132021,0.300589391,0.618255169,265.12,,0.75192451,0.850380644,0.004608295,0.535412606,192.51
9,0.7171592,0.8284938,0.3164179,0.5733333,159.95,,0.752545319,0.846751189,0.111111111,0.636910732,269.45,,0.747455,0.843201,0.175029,0.623965,268.09,,0.758008443,0.845296403,0.389097744,0.641721235,266.37,,0.750434567,0.846009095,0.107862248,0.62369146,192.48
10,0.7242364,0.8211525,0.359175,0.6841004,165.98,,0.75068289,0.844834528,0.213938412,0.655059848,273.55,,0.733176,0.830623,0.245942,0.630195,274.45,,0.771417929,0.856048256,0.363173957,0.645677695,274.49,,0.75453191,0.849105259,0.122343851,0.624573379,195.28
11,0.7159176,0.8207696,0.3660834,0.6282782,174.07,,0.762726595,0.852934189,0.192982456,0.669678148,281.78,,0.74224,0.837137,0.239793,0.64147,282.92,,0.759250062,0.842141683,0.446320869,0.67184466,280.08,,0.757760119,0.851551536,0.066572238,0.636363636,200.45
12,0.7321828,0.8303262,0.3599566,0.6762272,177.4,,0.770424634,0.857982526,0.171535115,0.697747512,283.31,,0.73926,0.833444,0.283326,0.658241,290.63,,0.780109262,0.861327968,0.388181355,0.640697674,281.55,,0.747206357,0.844447952,0.156431054,0.623027469,207.45
13,0.7513037,0.8422778,0.3777778,0.7096436,180.92,,0.762229948,0.853010906,0.151571165,0.676133261,288.28,,0.745965,0.838571,0.299629,0.66129,294.99,,0.765333996,0.847787461,0.41637931,0.681564246,287.09,,0.760864167,0.854219949,0.07804878,0.633898305,212.94
14,0.7485721,0.8421964,0.3812383,0.6947812,186.19,,0.76756891,0.856040929,0.119344262,0.69542066,294.03,,0.723864,0.819263,0.345876,0.663456,299.81,,0.771542091,0.852420107,0.41837645,0.693088449,290.91,,0.748323814,0.844398174,0.167231638,0.655861696,218.61
15,0.7565185,0.8454608,0.3931559,0.7197518,191.13,,0.760864167,0.851545078,0.236111111,0.667857143,298.84,,0.734045,0.828525,0.33456,0.664226,309.28,,0.769307177,0.849074473,0.455232789,0.7,296.09,,0.760615843,0.854048157,0.086838535,0.646307607,219.04
16,0.7618575,0.8496215,0.3877069,0.725591,196.78,,0.75713931,0.848239772,0.215740231,0.658725432,315.03,,0.769928,0.858586,0.187142,0.658445,313.26,,0.797616091,0.873643285,0.413510747,0.693584071,305.08,,0.762105786,0.855168129,0.091694352,0.652375435,225.16
17,0.7424882,0.833839,0.4175824,0.7172196,201.78,,0.756642662,0.845381034,0.276637341,0.699285322,310.78,,0.752297,0.841875,0.342857,0.685627,319.03,,0.798609387,0.872141546,0.452987494,0.730045755,316.17,,0.748447976,0.843206144,0.243950617,0.673535792,230.8
18,0.7743978,0.8579282,0.4210107,0.7311828,204.65,,0.782095853,0.865690344,0.148782093,0.724175824,324.49,,0.77266,0.8592,0.260967,0.678689,321.63,,0.808666501,0.879526114,0.492497793,0.737068966,319.22,,0.764464862,0.855315359,0.253968254,0.695121951,234.31
19,0.786814,0.8664328,0.4451692,0.7398374,210.35,,0.765458157,0.852651943,0.291605302,0.695495495,320.66,,0.770425,0.856933,0.287547,0.689761,326.75,,0.823814254,0.889938671,0.495718363,0.768041237,324.56,,0.781847529,0.866639175,0.367365542,0.71548351,236.97
20,0.7955053,0.8748324,0.4356864,0.733226,215.21,,0.797864415,0.872213967,0.364352536,0.787570046,318.7,,0.773777,0.859089,0.279582,0.694941,331.78,,0.82095853,0.886000171,0.5296343,0.787819253,328.88,,0.765830643,0.855360182,0.246952835,0.69893617,242.64
21,0.7987335,0.8764785,0.4463446,0.7490947,220.08,,0.794884529,0.872679909,0.288864388,0.776119403,320.8,,0.776012,0.863539,0.305286,0.637296,337.89,,0.821455178,0.886204814,0.536219817,0.790543735,335.37,,0.775639434,0.862317043,0.34580292,0.717498629,249.59
22,0.7976161,0.8759446,0.4539615,0.7374749,224.63,,0.80009933,0.875304433,0.341488277,0.785557987,329.83,,0.778868,0.860682,0.343671,0.712598,341.15,,0.830146511,0.895730706,0.445738486,0.794507111,337.5,,0.780481748,0.866038982,0.355760369,0.718032787,252.12
23,0.7911597,0.8709257,0.4697781,0.7521368,229.13,,0.781475043,0.859117672,0.436603335,0.770165746,328.39,,0.794388,0.873506,0.359457,0.713341,346.56,,0.826669978,0.893637688,0.447095436,0.774370208,341.99,,0.789669729,0.872369153,0.234384295,0.730936819,256.97
24,0.800596,0.8781652,0.4713531,0.7486966,234.71,,0.815992054,0.885728218,0.404266125,0.790190736,340.4,,0.798113,0.874743,0.36987,0.744024,350.56,,0.811646387,0.879234549,0.529233106,0.790176188,347.08,,0.790290539,0.871175928,0.422212802,0.737073707,259.16
25,0.804445,0.8809241,0.4774775,0.7505285,239.6,,0.816116216,0.883618871,0.482368306,0.799184506,346.29,,0.796747,0.877095,0.344602,0.688797,347.62,,0.837968711,0.899339934,0.516705882,0.805152979,352.84,,0.790911348,0.874020112,0.275745639,0.712103408,271.6
26,0.8137571,0.8872752,0.488255,0.7634237,245.46,,0.818102806,0.88630363,0.432564983,0.797331965,350.94,,0.803452,0.8802,0.383134,0.724558,348.64,,0.833871368,0.895646989,0.532411409,0.820437956,355.97,,0.79103551,0.873881204,0.348712967,0.729960205,275.4
27,0.7968711,0.8755744,0.4856712,0.7540302,248.6,,0.819965235,0.889603085,0.329452852,0.807613169,354.43,,0.800596,0.876397,0.434743,0.736104,350.7,,0.838465359,0.899693022,0.534957149,0.80304679,355.19,,0.790911348,0.874463007,0.291105121,0.717765894,280.49
28,0.8043208,0.8814226,0.4875149,0.75,254.21,,0.823193444,0.890378092,0.434782609,0.801762115,359.86,,0.823318,0.890047,0.469825,0.774802,367.8,,0.836106283,0.898636438,0.496392496,0.806469003,354.83,,0.804941644,0.882613692,0.412921348,0.744134078,281.51
29,0.8146263,0.8882526,0.4974832,0.750676,258.51,,0.825925006,0.892423877,0.39912759,0.801313629,364.54,,0.820834,0.889844,0.428345,0.763367,374.04,,0.833871368,0.894006849,0.551136364,0.83095723,359.12,,0.805438292,0.883201037,0.385111663,0.74069834,284.54
30,0.8185995,0.8894728,0.50921,0.7755758,264.78,,0.835237149,0.898084044,0.452054795,0.805369128,370.65,,0.818475,0.888327,0.420275,0.765673,378.56,,0.837844549,0.898832685,0.525606469,0.825242718,364.36,,0.807797368,0.883227531,0.459760274,0.757777778,288.4
31,0.816737,0.8889451,0.5081967,0.7595357,267.75,,0.826297492,0.890052356,0.525125628,0.807241747,373.75,,0.821704,0.888926,0.483087,0.770727,381.49,,0.841941892,0.901172243,0.568106312,0.825633383,368.14,,0.808542339,0.884172721,0.420449116,0.743764172,304.25
32,0.8209585,0.8919417,0.5092593,0.761427,272.85,,0.83921033,0.899476179,0.530076888,0.817112299,378.62,,0.820959,0.888703,0.516902,0.766612,386.62,,0.835361311,0.894287705,0.577861163,0.840224604,372.72,,0.802830891,0.882622319,0.386587771,0.711573791,297.73
33,0.8249317,0.8944172,0.5030408,0.772244,278.58,,0.838589521,0.89955047,0.520340587,0.797043775,382.51,,0.838217,0.900913,0.534499,0.787686,392.83,,0.837844549,0.898305085,0.563968668,0.782412627,376.97,,0.804569158,0.881155066,0.44288225,0.753513514,314.02
34,0.8292774,0.8967913,0.5101397,0.7690595,282.67,,0.837099578,0.898367049,0.474111675,0.815746309,376.54,,0.836603,0.900525,0.518904,0.777655,397.79,,0.85088155,0.907490478,0.569317688,0.840361446,381.8,,0.810901415,0.885294359,0.428571429,0.759578012,319.4
35,0.8277874,0.8958145,0.5167118,0.7478361,288.58,,0.844673454,0.903406286,0.529882353,0.820120284,380.89,,0.838714,0.900371,0.528053,0.791667,403.33,,0.842562702,0.902173913,0.565552699,0.805953693,386.7,,0.808045692,0.885374846,0.429157175,0.742388759,324.63
36,0.8241867,0.8945049,0.5205945,0.7482599,291.52,,0.834988825,0.894686825,0.556611243,0.841056303,384.15,,0.839086,0.901361,0.56044,0.794565,406.58,,0.855599702,0.91047169,0.59265585,0.837597911,391.15,,0.812018873,0.886523107,0.390118374,0.753114383,326.61
37,0.8238143,0.8950037,0.5318258,0.7297457,297.91,,0.848894959,0.90614405,0.547445255,0.83159627,388.81,,0.835858,0.896682,0.584182,0.803489,400.64,,0.856965483,0.911488714,0.586769759,0.848795489,396.13,,0.818226968,0.889537794,0.491648822,0.766648013,331.16
38,0.8214552,0.8935422,0.5286236,0.7397421,302.57,,0.843307673,0.901637967,0.538906181,0.83828045,393.48,,0.844798,0.906116,0.554054,0.790828,401.02,,0.850384902,0.905459844,0.605439495,0.839285714,401.38,,0.820461882,0.890731222,0.480682839,0.77032967,337.33
39,0.822821,0.894037,0.531134,0.7392816,307.11,,0.833498883,0.892580673,0.576383764,0.842714361,398.15,,0.843184,0.903977,0.51127,0.784753,406.82,,0.852619816,0.905473501,0.603672533,0.873991935,406.32,,0.81773032,0.890034641,0.420626896,0.752475248,341.14
40,0.8385895,0.9041276,0.5381166,0.7645688,312.96,,0.845915073,0.902308151,0.577596741,0.844142259,402.92,,0.855351,0.911465,0.592042,0.822564,411.28,,0.869009188,0.920235097,0.598243181,0.857002457,410.21,,0.818226968,0.888171509,0.474832962,0.776655443,347.35
41,0.8323814,0.9000334,0.541806,0.7671233,316.9,,0.849019121,0.90572861,0.540975841,0.827322404,406.33,,0.852992,0.910285,0.582335,0.809628,415.05,,0.862056121,0.914362551,0.605621806,0.851155293,414.01,,0.832257263,0.898217558,0.513976555,0.786624204,350.23
42,0.8303948,0.899724,0.5363221,0.761194,322.06,,0.847529178,0.903456496,0.573311367,0.852119959,410.83,,0.849392,0.906357,0.596591,0.826804,418.66,,0.865408493,0.916875732,0.595782862,0.857886517,426.83,,0.819468587,0.890921074,0.489221293,0.750736594,355.21
43,0.8373479,0.9026563,0.5459991,0.7786606,326.8,,0.844300968,0.902047031,0.574225122,0.833151581,415.36,,0.854979,0.911662,0.616487,0.81916,425.04,,0.854233921,0.90623363,0.622732321,0.869431644,437.57,,0.835733797,0.898902756,0.548868971,0.790799562,354.63
44,0.8303948,0.8999158,0.552852,0.7556326,332.55,,0.850757388,0.907040385,0.551851852,0.833245103,420.37,,0.853861,0.910811,0.606925,0.816327,429.27,,0.866277626,0.916173316,0.6296,0.871479775,441.24,,0.828284082,0.895454926,0.526359833,0.782608696,350.28
45,0.8276633,0.8988535,0.5515919,0.7589803,335.79,,0.842066054,0.900086133,0.586363636,0.842841765,423.62,,0.861684,0.916121,0.603244,0.830446,433.48,,0.861807797,0.915288054,0.603841,0.826086957,444.11,,0.827290787,0.893514949,0.560698027,0.788215675,355.05
46,0.8289049,0.8990826,0.5692542,0.7447307,340.33,,0.861807797,0.914213836,0.590929106,0.856694561,428.34,,0.862677,0.916444,0.616385,0.821604,453.38,,0.863049416,0.915534945,0.608656447,0.824696803,450.59,,0.82033772,0.890186314,0.548230912,0.773648649,359.35
47,0.8328781,0.8996687,0.5727554,0.7678266,346.37,,0.854358083,0.908813559,0.596130095,0.846194784,433.06,,0.8556,0.91474,0.623165,0.776224,458.08,,0.870871617,0.920003386,0.621899059,0.871742463,455.08,,0.814750435,0.884142621,0.551943463,0.785832872,365.12
48,0.8327539,0.9012847,0.5735409,0.7479484,351.6,,0.858207102,0.911582818,0.599130435,0.834961998,444.27,,0.867519,0.918806,0.636325,0.830518,461.91,,0.863670226,0.913769363,0.648565966,0.853176722,459.74,,0.83461634,0.896659436,0.590959206,0.806659506,369.42
49,0.8354855,0.9019074,0.5897436,0.760514,356.12,,0.864415197,0.916186179,0.608695652,0.847365562,453.39,,0.864788,0.918552,0.650096,0.830654,466.57,,0.879066302,0.924788226,0.674979887,0.865116279,465.54,,0.84181773,0.903910223,0.613749114,0.807446809,381.45
50,0.8367271,0.9026534,0.5751422,0.7522072,360.68,,0.858207102,0.913032518,0.605985037,0.832870627,455.69,,0.87112,0.922578,0.647604,0.845546,470.42,,0.875341445,0.921392863,0.66511808,0.879875195,459.81,,0.835485473,0.899837482,0.578525029,0.791111111,396.57
51,0.8361063,0.9025192,0.5750596,0.7600232,364.99,,0.86590514,0.91686737,0.588934614,0.861702128,463.7,,0.876707,0.925373,0.668508,0.85595,474.59,,0.863049416,0.914612982,0.662558898,0.840547945,458.3,,0.836727092,0.900076537,0.581096849,0.787401575,402.02
52,0.8403278,0.9048016,0.585567,0.7480735,369.88,,0.843555997,0.899231652,0.61862069,0.855172414,468.61,,0.873231,0.922807,0.640666,0.83944,480.1,,0.881425379,0.927404413,0.650195059,0.874935132,462.19,,0.835857959,0.899690296,0.592619926,0.789177001,406.51
53,0.8392103,0.9040566,0.5958284,0.7489614,376.05,,0.868388378,0.918254977,0.616109683,0.868461148,473.57,,0.870499,0.921585,0.637733,0.819709,477.98,,0.891358331,0.933002481,0.699836868,0.882681564,467.73,,0.837596225,0.900250453,0.600660066,0.793562708,410.49
54,0.842811,0.9068689,0.6037736,0.7533843,378.9,,0.872858207,0.92165744,0.613941019,0.871663244,477.18,,0.866526,0.919593,0.650269,0.834165,473.2,,0.886888503,0.929784537,0.67407091,0.881987578,470.75,,0.821827663,0.8892013,0.582687774,0.789533561,413.57
55,0.8424385,0.9078758,0.5986817,0.7576112,384.16,,0.871368264,0.920669096,0.612695492,0.853606028,481.52,,0.870872,0.923166,0.637363,0.813675,479,,0.882294512,0.926118626,0.695847363,0.878612717,475.92,,0.844300968,0.905465796,0.608955224,0.799107143,419.17
56,0.8440526,0.9092911,0.6030151,0.7584597,388.89,,0.872361559,0.921401435,0.646523179,0.853275582,474.56,,0.879687,0.928856,0.669683,0.842887,481.83,,0.888130122,0.9309841,0.694794953,0.883840991,480.61,,0.841693568,0.904413663,0.605234058,0.792325056,423.98
57,0.842811,0.9076203,0.6120755,0.7553999,394.87,,0.880307922,0.926203027,0.665836447,0.868353123,476.52,,0.880929,0.928686,0.674948,0.842511,486.98,,0.869257512,0.918105356,0.681025641,0.868644068,484.44,,0.837347902,0.90025974,0.605995717,0.792710706,429.24
58,0.8449218,0.9098778,0.6165528,0.747929,398.9,,0.875713931,0.922973087,0.651046025,0.863270777,481.34,,0.874472,0.923681,0.676957,0.860982,491.58,,0.896697293,0.937140926,0.707234043,0.879292404,505.26,,0.832878073,0.894313353,0.620532814,0.819705434,421.58
59,0.8470325,0.909955,0.6206107,0.7601173,404.35,,0.879314626,0.925734609,0.657706846,0.868613139,484.61,,0.875341,0.92432,0.678756,0.858197,494.75,,0.891110007,0.932890017,0.720707443,0.88346056,509.43,,0.852619816,0.910172414,0.620900076,0.82078473,420.72
60,0.8510057,0.9119513,0.6303925,0.7616822,408.54,,0.882046188,0.927648797,0.657747087,0.871531346,489.01,,0.884654,0.930616,0.670643,0.865055,500.49,,0.894710703,0.935475644,0.712653061,0.877044855,514.67,,0.837968711,0.90152712,0.614071038,0.799552072,424.74
61,0.8557239,0.9155571,0.6303657,0.7728853,413.65,,0.879935436,0.927072758,0.666666667,0.8565356,493.73,,0.880432,0.928719,0.634483,0.854369,525.17,,0.883908617,0.926310236,0.70885176,0.889235569,517.5,,0.86913335,0.922296717,0.659945715,0.827440633,429.91
62,0.8534889,0.9142184,0.6270313,0.7655334,419.4,,0.887509312,0.931034483,0.670940171,0.883264463,498.58,,0.883536,0.930353,0.689161,0.828587,530.97,,0.891234169,0.934278796,0.722517058,0.863588667,523.58,,0.859076235,0.914525433,0.649749821,0.832976445,434.81
63,0.8557239,0.914208,0.6377257,0.7866972,422.44,,0.889868388,0.933185991,0.688659794,0.878582595,509.85,,0.880308,0.928884,0.680412,0.828204,533.37,,0.893841569,0.935164262,0.731491713,0.875463699,527.28,,0.856717159,0.914899188,0.650332517,0.813823857,438.27
64,0.8613111,0.9170061,0.6499608,0.7954802,427.4,,0.894338217,0.936030994,0.711577249,0.878848064,522.99,,0.886516,0.932244,0.694255,0.855158,539.38,,0.885150236,0.928291815,0.714925888,0.889679715,531.59,,0.863173578,0.917896918,0.648996592,0.826963907,443.56
65,0.8628011,0.9175153,0.6498622,0.8044818,432.94,,0.894834865,0.93613388,0.704305443,0.887280248,528.12,,0.882915,0.93074,0.693333,0.840785,542.42,,0.890861684,0.935650379,0.728832525,0.843039379,520.21,,0.86069034,0.917515275,0.649210628,0.790966995,448.86
66,0.8613111,0.9171562,0.6541411,0.7954416,438.01,,0.881549541,0.926932955,0.704273504,0.884778013,532.1,,0.882295,0.929733,0.699529,0.862087,547.25,,0.911596722,0.947991761,0.759683794,0.890965732,524.8,,0.858952074,0.915055249,0.640920906,0.824685964,462.01
67,0.8577105,0.9145358,0.6497006,0.7979798,442.86,,0.897193941,0.937648255,0.713989207,0.878100264,536.97,,0.888378,0.932378,0.710958,0.864921,547.35,,0.898808046,0.939607843,0.746494884,0.86559679,528.99,,0.847280854,0.905525847,0.638024357,0.829192547,479.72
68,0.8603179,0.9161687,0.6468774,0.8044444,447.45,,0.86391855,0.913535536,0.673568424,0.884381339,540.24,,0.883288,0.930094,0.692072,0.810872,534.27,,0.903898684,0.942118227,0.758474576,0.892033543,532.71,,0.852743978,0.909442249,0.649153128,0.821857923,482.68
69,0.8625528,0.9175407,0.6467159,0.8130531,451.11,,0.902160417,0.941347221,0.723127036,0.892212481,546.32,,0.890241,0.93544,0.715195,0.839737,539.16,,0.895952322,0.937097486,0.745220716,0.878691983,536.8,,0.864415197,0.916499433,0.664008699,0.841101695,488.04
70,0.8660293,0.9186742,0.6551589,0.8235294,457.07,,0.900049665,0.940260185,0.727488152,0.882663848,538.55,,0.882295,0.932296,0.705328,0.831839,545.27,,0.902532903,0.941280981,0.751388889,0.902080162,542.95,,0.843804321,0.90401925,0.637586094,0.81828074,492.92
71,0.8609387,0.9178,0.6516178,0.7993178,461.93,,0.892475788,0.934490923,0.724112962,0.885229027,538.93,,0.891731,0.936863,0.71168,0.857912,549.78,,0.912465855,0.948309094,0.768771012,0.90034705,551.8,,0.847156692,0.903109833,0.646884273,0.839404823,497.36
72,0.8632977,0.9190015,0.6476563,0.8045198,467.2,,0.85609635,0.91105309,0.636989073,0.814159292,543.12,,0.904892,0.945114,0.74942,0.873806,554.05,,0.909237646,0.946837205,0.770642202,0.88042328,570.15,,0.875093121,0.92506195,0.672941176,0.837735849,504.63
73,0.8613111,0.9175947,0.6490166,0.8078212,471.46,,0.884032779,0.929163325,0.715950716,0.883103082,546.68,,0.905761,0.945759,0.747036,0.870123,558.36,,0.88999255,0.931037575,0.732207878,0.899793388,574.7,,0.867270921,0.918487686,0.669412205,0.834645669,504.66
74,0.8644152,0.9191635,0.6541122,0.811837,476.04,,0.901912093,0.941319868,0.739583333,0.893485005,551.57,,0.902781,0.943334,0.736307,0.879381,574.61,,0.90166377,0.939838265,0.752523495,0.90110999,580.58,,0.859572883,0.911877395,0.66505858,0.848209783,490.03
75,0.8680159,0.9208744,0.6633626,0.8241758,481.53,,0.901415446,0.94099162,0.741606941,0.886556722,556.3,,0.904147,0.94432,0.748103,0.87618,585.99,,0.902284579,0.941030636,0.758333333,0.890382627,584.05,,0.86590514,0.920275333,0.669274538,0.826827927,494.14
76,0.8671468,0.9204536,0.6599379,0.8164171,486.88,,0.888502607,0.931077694,0.722371968,0.897357724,562.9,,0.906009,0.946305,0.746771,0.872068,589.94,,0.909113484,0.945702158,0.769392034,0.901960784,590.32,,0.878073007,0.926497735,0.673366834,0.829078801,499.68
77,0.8620561,0.9183621,0.6527259,0.8085345,490.74,,0.892972436,0.936203455,0.735959154,0.856368564,580.75,,0.908989,0.948799,0.75559,0.868817,594.18,,0.881922026,0.924651331,0.722010178,0.898022893,591.62,,0.87757636,0.926220991,0.689835575,0.846072187,502.49
78,0.8640427,0.9193892,0.66209,0.7963698,494.75,,0.892227465,0.936659931,0.734423947,0.863930886,585.44,,0.909734,0.948236,0.746207,0.881303,599.85,,0.906009436,0.942583732,0.755855216,0.911177645,577.29,,0.87956295,0.927997292,0.681855167,0.832332059,508.19
79,0.8644152,0.9196109,0.6613272,0.7997738,500.25,,0.902036255,0.940969473,0.754581387,0.885597549,590.89,,0.909362,0.948257,0.756584,0.870123,604.18,,0.914949094,0.950346021,0.788195742,0.877605559,583.05,,0.874472312,0.924255616,0.688046647,0.842385517,513.17
80,0.8686367,0.9223581,0.6603848,0.8116266,506.2,,0.881425379,0.924903319,0.719367589,0.885816692,594.97,,0.907127,0.946952,0.751839,0.87434,597.11,,0.891606655,0.932929005,0.742096506,0.88418826,587.82,,0.860566178,0.913229018,0.674991563,0.838165525,519.45
81,0.8662776,0.9198016,0.6558767,0.8222345,511.07,,0.903277874,0.941923144,0.75177836,0.882687339,599.89,,0.914204,0.950686,0.770767,0.87708,594.19,,0.914576608,0.949482547,0.772677194,0.908724155,593,,0.876831388,0.925056908,0.699677072,0.846761453,544.67
82,0.8673951,0.9209921,0.665896,0.8078652,513.74,,0.897193941,0.938660067,0.745879121,0.882040383,604.06,,0.911845,0.949674,0.768417,0.859956,596.79,,0.898808046,0.938060962,0.754054054,0.89182058,595.07,,0.861186988,0.916422418,0.676626826,0.825258574,550.96
83,0.8645394,0.9192898,0.6619137,0.809417,520.16,,0.888502607,0.930835735,0.735586481,0.884189325,590.22,,0.912963,0.950008,0.768789,0.865101,602.31,,0.881301217,0.923750456,0.722568579,0.90392562,600.85,,0.866774274,0.917963225,0.681645351,0.843930636,556.32
84,0.8675192,0.9204283,0.6684411,0.8153078,524.82,,0.894710703,0.935009361,0.747192923,0.885245902,594.81,,0.911845,0.950146,0.769942,0.868951,606.9,,0.898808046,0.937271348,0.754188034,0.894736842,624.56,,0.881301217,0.93009961,0.703539823,0.837385197,560.28
85,0.8711199,0.9229069,0.6700747,0.8166667,530.01,,0.892475788,0.933750559,0.741677763,0.88796248,599.52,,0.911597,0.95093,0.774775,0.86105,611.89,,0.891110007,0.931613136,0.739903069,0.900984966,631.69,,0.866153464,0.918779926,0.682714811,0.841761827,565.33
86,0.8717407,0.922616,0.675841,0.8265193,532.97,,0.893841569,0.935787976,0.746127946,0.876451954,603.12,,0.914452,0.952348,0.777353,0.87045,632.32,,0.905761112,0.942598728,0.766779661,0.905072828,634.43,,0.887136826,0.932798745,0.7191582,0.854709952,569.71
87,0.8709958,0.922247,0.6814024,0.8150609,539.53,,0.902408741,0.942827622,0.759446315,0.854475563,607.49,,0.90961,0.949595,0.77294,0.86645,648.04,,0.897442265,0.937594858,0.753497668,0.888188976,636.52,,0.880432083,0.927538772,0.704266088,0.854328668,561.31
88,0.8695058,0.9214597,0.6801527,0.806939,542.82,,0.878073007,0.922769035,0.717868339,0.888311688,612.6,,0.914577,0.953409,0.782907,0.854776,653.53,,0.914576608,0.950229439,0.787219101,0.893153527,641.95,,0.891730817,0.935533516,0.713712911,0.856100104,555.62
89,0.8698783,0.9214157,0.6850245,0.8076063,548.43,,0.895703998,0.936029346,0.746053535,0.88844819,631.62,,0.919419,0.953597,0.789189,0.888773,660.68,,0.905761112,0.942686514,0.769074949,0.9008822,641.52,,0.85870375,0.912574204,0.677306096,0.842218632,560.28
90,0.8737273,0.9234299,0.6886275,0.8107203,554.69,,0.884156941,0.928893701,0.729987294,0.878594249,634.63,,0.904023,0.943128,0.759834,0.892212,661.16,,0.902781227,0.940345229,0.76744186,0.896191967,632.01,,0.866277626,0.917485955,0.672274798,0.850241546,565
91,0.8685125,0.9199931,0.6787467,0.8134454,558.12,,0.894710703,0.937945792,0.749505603,0.870828848,639.03,,0.920909,0.955216,0.793478,0.882729,660.17,,0.910230941,0.945512537,0.778239778,0.90129199,636.3,,0.881425379,0.928137919,0.709835492,0.859723698,566.62
92,0.8718649,0.9216883,0.6881559,0.8223575,561.48,,0.910355103,0.947276384,0.771449704,0.886629385,643.81,,0.914701,0.952546,0.784012,0.870704,641.98,,0.880059598,0.92362377,0.725308642,0.892405063,640.8,,0.883039483,0.929678606,0.713321492,0.853788687,571.62
93,0.8726099,0.9231032,0.682908,0.8158482,567.98,,0.877824683,0.921681781,0.715835141,0.900203666,648.55,,0.922275,0.955846,0.794106,0.884534,647.6,,0.895331512,0.934369915,0.742951907,0.908911866,645.65,,0.885026074,0.930811,0.714954955,0.85848564,580.89
94,0.8755898,0.9250021,0.6865216,0.830955,572.99,,0.898559722,0.939308398,0.751293549,0.879871863,646.76,,0.916563,0.954988,0.788627,0.859031,652.12,,0.916190713,0.950374614,0.789342806,0.900410678,650.28,,0.870126645,0.918720315,0.691708968,0.862587763,609.89
95,0.8763347,0.9252529,0.692337,0.8279274,577.36,,0.910603427,0.947637969,0.773247496,0.892803221,642.24,,0.916315,0.95352,0.783081,0.8659,654.44,,0.915197417,0.949640288,0.784055459,0.910386965,671.39,,0.88539856,0.931037482,0.715501295,0.850996852,612.93
96,0.8743481,0.9240278,0.683112,0.8333333,582.11,,0.897690589,0.939250246,0.754828151,0.882729211,646.95,,0.913832,0.949498,0.780648,0.891235,659.46,,0.901167122,0.939089932,0.761149653,0.901408451,686.55,,0.894586541,0.937694166,0.725595696,0.863399374,618.44
97,0.8744723,0.9245528,0.6890199,0.8326934,588.13,,0.884281103,0.925761018,0.727037516,0.899055196,651.03,,0.909983,0.9467,0.777155,0.890739,684.13,,0.900794636,0.93881213,0.761434682,0.900676027,693.58,,0.889744226,0.935178697,0.723891273,0.860759494,624.72
98,0.8764589,0.9260907,0.6806527,0.835141,592.03,,0.896821455,0.940134228,0.751625488,0.876682822,656.14,,0.907127,0.947487,0.771778,0.858862,700.88,,0.908740998,0.944032848,0.771291209,0.911189162,697.59,,0.875962255,0.923308271,0.698335645,0.863991662,629.95
99,0.8805562,0.9284919,0.6944444,0.8384992,597.37,,0.899553017,0.939442947,0.758148631,0.894240838,660.3,,0.923392,0.957055,0.787805,0.891213,704.62,,0.904395332,0.941920542,0.769747899,0.893550079,702.31,,0.891730817,0.935525302,0.71580607,0.857293869,625.61
100,0.8798113,0.9282264,0.6958821,0.8400214,604.79,,0.882542836,0.925413862,0.723964868,0.900311526,685.34,,0.911224,0.950009,0.773333,0.869989,708.86,,0.889868388,0.930734361,0.738314785,0.903259183,691.66,,0.894089893,0.937195546,0.729759704,0.867330886,608.08
101,0.8793146,0.9278457,0.6964421,0.8358531,606.59,,0.887633474,0.930079273,0.740518962,0.869333333,690.36,,0.912466,0.949864,0.77577,0.89135,711.29,,0.872113236,0.916925892,0.708002443,0.897058824,686.37,,0.890737522,0.935227674,0.728249194,0.865355522,613.44
102,0.882667,0.9303121,0.6988614,0.8349411,611.66,,0.894089893,0.933285251,0.747160013,0.903359173,695.78,,0.926,0.95893,0.809699,0.894954,701.56,,0.889744226,0.932662956,0.743022137,0.878575283,684.98,,0.896945617,0.940464875,0.741128129,0.850376749,618.61
103,0.8847778,0.9315326,0.7027027,0.8405172,615.7,,0.915197417,0.950148679,0.784754991,0.894215737,701.26,,0.92451,0.958814,0.807707,0.87655,690.09,,0.910230941,0.945637762,0.771708683,0.907684373,690.26,,0.896076484,0.938456189,0.738699008,0.864577801,624
104,0.8850261,0.9322193,0.704501,0.8344298,621.58,,0.87174075,0.915438467,0.708116386,0.901862104,704.95,,0.91259,0.94961,0.785661,0.867171,695.5,,0.886267693,0.926517572,0.729464003,0.913,695.31,,0.899553017,0.940971009,0.747407407,0.867075665,629.38
105,0.8858952,0.9316568,0.703893,0.8473853,625.47,,0.869505836,0.913612323,0.707040573,0.904497221,691.11,,0.922523,0.956078,0.795273,0.894216,700.19,,0.913210827,0.947284628,0.781140042,0.908163265,704.39,,0.89520735,0.937581387,0.726231386,0.872081218,652.15
106,0.8825428,0.9296741,0.7001546,0.8408602,629.97,,0.904147008,0.94540281,0.764292879,0.879743453,691.38,,0.913707,0.95209,0.783227,0.875,704.39,,0.897690589,0.935925126,0.749179251,0.911794872,726.92,,0.894586541,0.937105816,0.734768333,0.870322911,668.79
107,0.8814254,0.9292616,0.7034949,0.8377358,635.23,,0.906381922,0.9424,0.768071257,0.905621454,695.32,,0.919295,0.953416,0.790663,0.893114,720.83,,0.901539608,0.940195209,0.756480218,0.896117524,731.99,,0.890737522,0.935195827,0.728241563,0.867810293,675.39
108,0.8811771,0.9284112,0.7013968,0.8428954,640.52,,0.903029551,0.942867282,0.766342608,0.880733945,700.35,,0.921654,0.956975,0.801544,0.8659,745.95,,0.892227465,0.934309208,0.743475493,0.893101632,737.15,,0.902160417,0.943598616,0.74429583,0.863409771,678.88
109,0.8822945,0.9297418,0.6993439,0.8397849,645.37,,0.913210827,0.949146639,0.78591954,0.881521739,708.12,,0.925627,0.958508,0.805654,0.883547,750.2,,0.915445741,0.949335695,0.783216783,0.913176711,742.13,,0.89520735,0.937224475,0.739192062,0.87654321,684.52
110,0.8829153,0.9300603,0.7052154,0.8412527,649.98,,0.878197169,0.924339435,0.719242902,0.873985938,718.82,,0.918177,0.955069,0.800438,0.861233,725.78,,0.916066551,0.951081177,0.787374263,0.903657908,736.15,,0.899801341,0.942012655,0.73984375,0.861263053,680.37
111,0.8816737,0.929726,0.7027229,0.8406889,655.7,,0.898063074,0.938472545,0.757058437,0.886170213,731.25,,0.920785,0.955631,0.797357,0.885913,731.27,,0.90365036,0.941354994,0.766977364,0.897422409,726.19,,0.884156941,0.929710468,0.722728808,0.866805411,660.74
112,0.8799354,0.9286576,0.6951589,0.8385361,659.98,,0.90948597,0.946883036,0.77941681,0.887265136,735.42,,0.916563,0.953192,0.786039,0.872432,742.04,,0.905140303,0.94200571,0.768819003,0.902145474,732.36,,0.874720636,0.923629184,0.709385113,0.856533333,665.39
113,0.8796871,0.9285899,0.6965286,0.8387446,665.73,,0.888502607,0.930144404,0.736337488,0.89626119,738.89,,0.922895,0.955849,0.801041,0.895975,747.44,,0.923640427,0.956254392,0.802026782,0.905660377,735.79,,0.898187236,0.94048341,0.734196497,0.868488912,676.53
114,0.8789421,0.9285776,0.6957181,0.8261351,668.54,,0.923143779,0.955187231,0.803792852,0.903718798,743.81,,0.92302,0.95724,0.797062,0.885142,750.74,,0.905512789,0.942602496,0.76933423,0.89968652,738.49,,0.888875093,0.934427661,0.719481455,0.861554846,673.63
115,0.878818,0.9277108,0.6954887,0.8347921,675.03,,0.90042215,0.938245239,0.756554307,0.899120538,735.53,,0.919667,0.955519,0.797059,0.87655,744.06,,0.888626769,0.928954789,0.73710851,0.906857728,756.01,,0.885522722,0.931718448,0.724294179,0.850948509,679.27
116,0.8808046,0.9295316,0.69468,0.8337875,678.58,,0.89520735,0.93409173,0.748855461,0.903748734,735.62,,0.92153,0.957584,0.803759,0.863562,751.13,,0.914328284,0.948444444,0.785492228,0.908813041,776.68,,0.892475788,0.937257667,0.735862069,0.86344086,712.61
117,0.881922,0.9301048,0.6988226,0.8387097,684.53,,0.885895207,0.927671233,0.7319202,0.904615385,739.95,,0.92153,0.956978,0.795299,0.878788,755.54,,0.894338217,0.933130154,0.747946106,0.900995285,780.99,,0.899180531,0.941206852,0.731242557,0.866125761,723.96
118,0.8786938,0.9280495,0.6980776,0.8265642,687.3,,0.902284579,0.941956003,0.763945578,0.879394267,743.79,,0.910603,0.949093,0.774964,0.875,758.38,,0.90886516,0.944751381,0.774695535,0.905699482,783.69,,0.899428855,0.941247834,0.739611132,0.866838046,726.15
119,0.881922,0.9306522,0.7038013,0.8302095,692.6,,0.902408741,0.940114408,0.761712167,0.90015361,747.94,,0.920164,0.954605,0.79616,0.887706,764.83,,0.893593246,0.934539649,0.749831876,0.875268817,790.2,,0.896448969,0.939532431,0.743507649,0.865033872,731.78
120,0.8806804,0.9292408,0.7036199,0.8284932,698.33,,0.897938912,0.936708861,0.751859364,0.896480331,769.86,,0.924137,0.956529,0.797848,0.900919,761.72,,0.902036255,0.940406846,0.760172015,0.90238837,769.58,,0.902036255,0.943618657,0.745882353,0.854211663,737.44
121,0.8775764,0.9274355,0.6983321,0.834509,703.07,,0.895703998,0.933893157,0.749242679,0.899639732,776.61,,0.926993,0.959184,0.810155,0.893438,772.09,,0.905636951,0.942256282,0.765524262,0.906652914,770.11,,0.889620065,0.935289494,0.730091614,0.851017042,711.08
122,0.8753414,0.9256716,0.6951175,0.8315217,709.32,,0.890240874,0.930445723,0.733443163,0.904884319,779.49,,0.921778,0.954549,0.792139,0.903192,771.35,,0.899180531,0.939996418,0.756473287,0.888418826,774.62,,0.894089893,0.937708957,0.742560554,0.862850972,711.5
123,0.8774522,0.9274812,0.6962687,0.8257783,713.44,,0.892972436,0.93204591,0.746268657,0.909641595,781.18,,0.926496,0.95768,0.790894,0.902828,775.38,,0.921281351,0.954637185,0.801564723,0.898367562,777.65,,0.90625776,0.945526977,0.763705104,0.866388309,715.45
124,0.8781972,0.9280303,0.7006369,0.8206253,714.89,,0.876583064,0.920436817,0.71771498,0.9,783.38,,0.922647,0.956181,0.793382,0.883324,780.01,,0.907375217,0.945377409,0.775803144,0.883297645,788.79,,0.894462379,0.937587658,0.733958183,0.8701973,720.36
125,0.8743481,0.9262697,0.696075,0.830293,720.04,,0.917184008,0.950897992,0.793199167,0.904836193,775.31,,0.923144,0.957053,0.805461,0.87797,783.69,,0.915445741,0.9509908,0.788781163,0.896659708,820.76,,0.886640179,0.931376017,0.721663778,0.871018277,724.87
126,0.8728582,0.9249957,0.6947748,0.812535,710.06,,0.899801341,0.938589434,0.758300133,0.895756941,780.18,,0.925255,0.957362,0.80381,0.897206,799.14,,0.898063074,0.937657658,0.759199484,0.893193717,825.69,,0.905885274,0.9462182,0.742158859,0.869520371,763.34
127,0.8770797,0.9275538,0.7010989,0.819143,713.76,,0.904519493,0.942603072,0.765901639,0.903896104,783.85,,0.92451,0.959175,0.804124,0.877023,828.64,,0.892103303,0.931235219,0.737448033,0.918973327,829,,0.901167122,0.942411147,0.752749202,0.875897436,771.63
128,0.8779488,0.9280277,0.6985294,0.8282276,726.07,,0.89520735,0.934694974,0.746288354,0.900731452,788.24,,0.919419,0.955868,0.79448,0.872294,835.63,,0.898187236,0.936915888,0.750988142,0.906378601,834.47,,0.906009436,0.94549248,0.756551462,0.87525355,776.13
129,0.8772039,0.9281892,0.6953959,0.8234643,732.66,,0.92190216,0.955044433,0.794711715,0.904037756,811.95,,0.929228,0.960653,0.814786,0.892571,832.84,,0.887260988,0.929610984,0.737840318,0.900731452,811.29,,0.898559722,0.940268398,0.742940961,0.872727273,782.39
130,0.8729824,0.925604,0.6890396,0.8228762,745.59,,0.905885274,0.942905799,0.76784523,0.906298003,824.42,,0.913583,0.950672,0.77839,0.88121,820.95,,0.908244351,0.944823311,0.770826132,0.9002079,810.56,,0.903402036,0.945058713,0.75192604,0.853116531,778.55
131,0.8811771,0.9304161,0.6993539,0.8287596,749,,0.901539608,0.938918289,0.761492338,0.903423608,828.74,,0.927365,0.960463,0.810076,0.875406,837.42,,0.91991557,0.953180212,0.798015592,0.90335707,815.11,,0.904519493,0.945435558,0.755870294,0.867631851,764.56
132,0.8758381,0.9264617,0.6951754,0.8264915,745.29,,0.905885274,0.944844546,0.770623042,0.87614927,829.6,,0.930221,0.962237,0.817345,0.888652,839.41,,0.89582816,0.935053301,0.745292369,0.905109489,818.42,,0.899304693,0.941269841,0.748692924,0.876250658,782.58
133,0.8820462,0.9302926,0.7061026,0.8321409,750.72,,0.879314626,0.922782037,0.722307456,0.898045431,827.78,,0.924261,0.957425,0.803303,0.891949,843.56,,0.913955798,0.949898023,0.786470789,0.897058824,835.61,,0.900049665,0.941715091,0.751578947,0.873684211,778.77
134,0.8835361,0.9315186,0.7094368,0.8338834,754.4,,0.889123417,0.932915921,0.738341969,0.876086957,814.44,,0.925875,0.959194,0.812964,0.870704,835.87,,0.906754408,0.94557459,0.772651842,0.890302067,857.92,,0.905264465,0.94613462,0.756327918,0.862217438,781.37
135,0.881922,0.9303732,0.7067503,0.8347062,762.7,,0.91209337,0.948951049,0.782824698,0.881081081,818.94,,0.907251,0.947092,0.777817,0.86137,843.32,,0.904643655,0.943047534,0.761872224,0.897196262,863.79,,0.888502607,0.934559414,0.726650701,0.866935484,785.18
136,0.8830395,0.9313489,0.7111442,0.8273182,765.01,,0.910479265,0.946835892,0.780770542,0.895178197,823.59,,0.924634,0.957278,0.806809,0.878706,836.16,,0.911348398,0.948571429,0.780998952,0.884491979,870.49,,0.902160417,0.943596897,0.748243993,0.871635611,793.74
137,0.8796871,0.9284236,0.7046555,0.8275862,762.52,,0.891110007,0.934017463,0.743859649,0.88304721,826.73,,0.923144,0.958785,0.806677,0.858246,839.93,,0.907996027,0.946375022,0.774060021,0.882950294,865.22,,0.900670474,0.944283583,0.747260516,0.867162593,811.43
138,0.8856469,0.9327832,0.7152517,0.8333333,767.48,,0.905140303,0.941543954,0.76607203,0.907867495,851.5,,0.92364,0.955056,0.791137,0.899636,843.17,,0.887881798,0.929524492,0.737047898,0.886752137,844.13,,0.912838341,0.952077228,0.761793372,0.877897991,809.03
139,0.8814254,0.9303367,0.7090301,0.8237251,781.6,,0.903277874,0.939791517,0.764509673,0.908173562,857.63,,0.924261,0.958212,0.802455,0.88295,842.44,,0.917928979,0.95104772,0.791874555,0.906378601,850.13,,0.905636951,0.945653116,0.757541899,0.871686108,839.19
140,0.8850261,0.9323502,0.7115677,0.8321409,795.81,,0.887757636,0.92917232,0.735340729,0.899894626,862.29,,0.916067,0.95326,0.789345,0.883075,851.46,,0.902532903,0.939364084,0.756445047,0.912280702,855.48,,0.909982617,0.948735475,0.756605284,0.873032529,841.82
141,0.8829153,0.9304415,0.7060583,0.8414831,792.59,,0.905140303,0.943566992,0.762197202,0.897745149,865.13,,0.924137,0.956312,0.801391,0.895039,853.63,,0.886640179,0.928971625,0.734305644,0.893008475,857.9,,0.901539608,0.943729763,0.74283615,0.875957121,821.37
142,0.8860194,0.9331268,0.7188082,0.8314856,786.11,,0.889868388,0.929194782,0.740836847,0.901570681,854.75,,0.914204,0.950701,0.783692,0.87146,858.05,,0.920412218,0.953740418,0.795180723,0.907589055,893.43,,0.904147008,0.945308405,0.75348496,0.872933884,835.97
143,0.8867643,0.9327982,0.7123928,0.8367013,790.67,,0.899553017,0.93744952,0.760869565,0.898911353,910.39,,0.924634,0.958543,0.809489,0.881915,860.91,,0.90886516,0.945253193,0.774907749,0.904663212,898.54,,0.899677179,0.942747425,0.740552326,0.870389884,832.49
144,0.8866402,0.9337811,0.7167414,0.835624,796.41,,0.910603427,0.949233632,0.777515988,0.888648649,918.2,,0.911224,0.948628,0.77995,0.879394,868.08,,0.902532903,0.939672893,0.756319515,0.911885246,904.21,,0.897938912,0.941309846,0.746236559,0.857914641,823.85
145,0.8888751,0.9351007,0.7251594,0.8337905,806.76,,0.903774522,0.940424398,0.765609007,0.89968652,922.14,,0.921157,0.954967,0.798619,0.881501,874.14,,0.883784455,0.925559888,0.728476821,0.900419287,908.4,,0.902408741,0.944439553,0.755259467,0.872037915,825.75
146,0.8836603,0.9313886,0.7164948,0.8288089,814.66,,0.902532903,0.940077262,0.762532982,0.905912596,923.91,,0.923765,0.95664,0.806823,0.874459,874.99,,0.91668736,0.950461648,0.789583333,0.909368635,880.62,,0.89843556,0.940799723,0.739259259,0.866235167,837.26
147,0.8868885,0.9340697,0.7240618,0.8290788,827.55,,0.89582816,0.934871469,0.75142676,0.908997429,867.62,,0.928483,0.960779,0.805267,0.895552,877.29,,0.901291284,0.939083558,0.759477124,0.908237748,885.7,,0.905636951,0.946028424,0.754482254,0.879328437,835.73
148,0.8808046,0.9294678,0.7094422,0.8298343,831.6,,0.91147256,0.945965036,0.773361976,0.908999497,874.79,,0.92513,0.95811,0.807922,0.889244,891.61,,0.896573131,0.936611533,0.754022989,0.889243876,889.73,,0.910106779,0.950944704,0.769455608,0.863066012,852.64
149,0.8901167,0.9360825,0.7263831,0.8348978,833.83,,0.900918798,0.9387389,0.761311475,0.903090623,879.53,,0.919046,0.952685,0.795308,0.88582,900.44,,0.91407996,0.947713577,0.780250348,0.916837782,895.4,,0.889868388,0.934493165,0.727900552,0.872559096,853.82
150,0.8861435,0.9335752,0.7216722,0.8303769,829.35,,0.923888751,0.956423415,0.803097345,0.899420748,882.22,,0.930842,0.96199,0.812331,0.903459,895.47,,0.910479265,0.944652073,0.773662551,0.918116684,933.26,,0.914576608,0.952069529,0.773044152,0.877690289,865.25
151,0.8836603,0.931488,0.7147664,0.8255556,835.21,,0.888378445,0.930097264,0.737761147,0.901052632,887.62,,0.927862,0.959891,0.818824,0.875,905.71,,0.896697293,0.935929204,0.751864407,0.888051668,938.98,,0.911100074,0.94944212,0.77097838,0.880964866,864.3
152,0.8867643,0.9342828,0.7207547,0.8235294,844.21,,0.907499379,0.945018092,0.764890282,0.899265477,892.02,,0.918301,0.954072,0.785218,0.895062,905.58,,0.890861684,0.931293564,0.739752145,0.905956113,945.01,,0.90427117,0.945240397,0.759057334,0.876059322,866.3
153,0.8881301,0.934446,0.7191265,0.8391685,862.56,,0.912838341,0.947745544,0.777413479,0.898384575,896.77,,0.928607,0.959515,0.805078,0.897855,914.54,,0.920039732,0.952573691,0.795706619,0.90862423,945.13,,0.918301465,0.954639531,0.783216783,0.880288958,862.37
154,0.886516,0.9331153,0.7162162,0.8385331,860.97,,0.912838341,0.94712603,0.78356921,0.90625,922.93,,0.925379,0.957408,0.806219,0.89557,935.98,,0.900049665,0.937108045,0.757455268,0.908713693,918.63,,0.900173827,0.942284005,0.747893258,0.876451954,868.47
155,0.8861435,0.9328853,0.7142857,0.839761,856.63,,0.908120189,0.942938659,0.770804911,0.914285714,938.28,,0.919916,0.954902,0.802023,0.87918,939.27,,0.909610132,0.94597691,0.770422535,0.900572618,922.31,,0.915321579,0.952684102,0.77739331,0.87519915,865.27
156,0.8886268,0.9348051,0.7259204,0.8348875,869.36,,0.916563198,0.949977866,0.785310734,0.91367996,938.42,,0.931338,0.961895,0.820194,0.894205,946.39,,0.904767817,0.940881405,0.762920974,0.916195373,926.25,,0.912341694,0.949763033,0.770233985,0.878691983,875.17
157,0.8882543,0.9343796,0.7244329,0.8364435,880.23,,0.907871865,0.943840257,0.767972743,0.911508951,941.72,,0.924137,0.956908,0.793355,0.892244,951.09,,0.89843556,0.938067416,0.756915067,0.895287958,939.45,,0.917928979,0.953814219,0.784433422,0.884155844,896.49
158,0.8861435,0.933138,0.722408,0.8282717,883.84,,0.913831636,0.949704924,0.783490731,0.89556962,924.75,,0.922399,0.955085,0.80153,0.888295,938.18,,0.895331512,0.937589928,0.752158618,0.883396024,972.41,,0.905761112,0.947782047,0.757759543,0.869940637,913.56
159,0.883412,0.9314142,0.7148067,0.8336061,884.31,,0.91407996,0.950292917,0.785027473,0.897409326,922.51,,0.927365,0.960624,0.813559,0.887339,951.8,,0.909858455,0.944350459,0.774872666,0.915113872,973.48,,0.911720884,0.950275277,0.767164179,0.884634761,885.84
160,0.885771,0.9319952,0.7215888,0.8377936,885.74,,0.917556494,0.950528169,0.791239845,0.908711528,926.8,,0.925379,0.957546,0.812826,0.888535,987.37,,0.922150484,0.953551198,0.801326944,0.905208333,978.79,,0.905885274,0.947048611,0.763436929,0.860226659,898.03
161,0.8901167,0.9354398,0.7151849,0.84375,891.4,,0.929351875,0.958563536,0.815437524,0.908232826,931.43,,0.931214,0.960683,0.820769,0.902618,994.1,,0.920163894,0.952774602,0.796724813,0.907676349,963.19,,0.910851751,0.949315188,0.768163563,0.884575026,900.8
162,0.8853986,0.932527,0.7192009,0.8327869,895.54,,0.911348398,0.947999295,0.782126775,0.888533333,958.28,,0.928359,0.959376,0.806529,0.899378,995.96,,0.912838341,0.949546535,0.791867677,0.877230936,952.73,,0.915445741,0.953606037,0.773219814,0.873859367,909.27
163,0.8861435,0.9328929,0.7216197,0.8411317,899.89,,0.908740998,0.947499777,0.778514589,0.886278697,964.33,,0.924137,0.95667,0.801421,0.886873,964.38,,0.891482493,0.93116237,0.741450943,0.907484407,957.74,,0.915321579,0.952634746,0.76814437,0.884735202,916.26
164,0.883412,0.9310345,0.7186271,0.8363437,903.43,,0.88999255,0.930601093,0.738829452,0.907692308,967.53,,0.926993,0.958562,0.812426,0.885942,956.54,,0.923640427,0.95594218,0.801512287,0.897382199,959.15,,0.909858455,0.948378096,0.766972477,0.882506527,933.09
165,0.8850261,0.9324524,0.716763,0.8415895,909.52,,0.91209337,0.946740292,0.783546864,0.908045977,970.43,,0.931711,0.961685,0.817304,0.90523,960.99,,0.916190713,0.949032143,0.790489318,0.913580247,993.13,,0.914204122,0.951305697,0.770663562,0.882780083,939.77
166,0.8871368,0.9328818,0.7239753,0.8451472,913.11,,0.923143779,0.956521739,0.795655672,0.88282504,953.72,,0.928359,0.960103,0.814263,0.885928,965.68,,0.906009436,0.941825298,0.769336071,0.904320988,1008.95,,0.909734294,0.949229295,0.763622975,0.880041907,944.88
167,0.8916067,0.9362326,0.7287754,0.8465267,919.41,,0.913210827,0.948534668,0.78666213,0.901365706,958.37,,0.92451,0.957309,0.80695,0.885075,996.03,,0.889495903,0.928953815,0.733991717,0.916837782,1015.19,,0.914452446,0.951647781,0.778067885,0.879957128,940.62
168,0.8836603,0.9314547,0.719356,0.8261351,924.2,,0.924385399,0.955883653,0.808870116,0.91002045,962.41,,0.924013,0.956932,0.79836,0.903943,1000.62,,0.900918798,0.937870354,0.755452743,0.91563786,1008.61,,0.909361808,0.948074577,0.760324484,0.888425443,929.6
169,0.8815495,0.9298823,0.7149618,0.8258706,928.55,,0.931710951,0.960372551,0.828398145,0.912681913,977.37,,0.926496,0.958247,0.810069,0.893347,1002.55,,0.898932208,0.937041674,0.756613757,0.901156677,984.4,,0.908616836,0.947679986,0.762043796,0.883572568,940.88
170,0.8841569,0.9310974,0.7176343,0.8411829,933.05,,0.920163894,0.953971199,0.800687285,0.901543374,998.13,,0.926124,0.957546,0.808034,0.894318,998.75,,0.893096598,0.931736311,0.740885417,0.913043478,987.55,,0.914576608,0.950913838,0.772795217,0.894953656,936.44
171,0.8814254,0.9291859,0.7155172,0.8330579,939.93,,0.904022846,0.940246204,0.765789474,0.912841671,1003.26,,0.934443,0.965487,0.826982,0.895492,988.4,,0.890365036,0.931543624,0.742987606,0.88591323,993.12,,0.913086665,0.950981255,0.775887574,0.883880451,941.14
172,0.8837845,0.9308395,0.7186489,0.8393443,943.52,,0.907251055,0.94363669,0.773622047,0.908237748,1009.44,,0.915197,0.950842,0.778287,0.886802,992.81,,0.918177303,0.950897571,0.791413238,0.909184197,1018.29,,0.905388627,0.945849007,0.757046022,0.880469584,949.74
173,0.8847778,0.9316954,0.7187388,0.8439369,937.19,,0.910603427,0.946034559,0.771602725,0.904621436,989.17,,0.931959,0.962056,0.827344,0.890369,996.56,,0.901167122,0.939267666,0.758267985,0.89556962,1038.23,,0.901787931,0.943366681,0.747276688,0.873587951,955.6
174,0.8808046,0.9287964,0.7130802,0.8417031,937.6,,0.913583313,0.948398577,0.789225589,0.902002107,988.06,,0.938664,0.966304,0.833138,0.913418,1021.81,,0.905264465,0.94229235,0.769962623,0.894904459,1043.33,,0.919543084,0.956003112,0.780355762,0.887864823,958.7
175,0.878818,0.927252,0.7095188,0.8400435,942.97,,0.907871865,0.943436499,0.772061329,0.907205806,992.38,,0.928855,0.961402,0.818148,0.888651,1031.51,,0.89259995,0.931863365,0.742174895,0.908903757,1044.4,,0.916190713,0.953792805,0.779471923,0.881104034,980.06
176,0.8790663,0.9277719,0.7108307,0.8367235,948.14,,0.909113484,0.943693492,0.774519717,0.915736041,1004.23,,0.926993,0.959347,0.814362,0.883019,1038.19,,0.901291284,0.939421176,0.759386223,0.906722251,1014.79,,0.909858455,0.948343676,0.763330898,0.889580093,986.97
177,0.8808046,0.9295358,0.7172609,0.8272018,952.82,,0.906381922,0.942596567,0.76861167,0.909371782,1042.79,,0.925627,0.958015,0.809506,0.885529,1035.92,,0.918425627,0.951439167,0.791695989,0.911340206,1021.51,,0.90625776,0.946389401,0.762879323,0.879062334,992.93
178,0.885771,0.9324664,0.7253699,0.8335183,956.65,,0.910727589,0.945380023,0.778833107,0.910686629,1043.13,,0.928607,0.960021,0.809633,0.901099,1018.5,,0.907002732,0.942230184,0.770310933,0.914959016,1024.76,,0.91209337,0.949869905,0.764283012,0.888888889,1001.9
179,0.8811771,0.9298169,0.7193347,0.8325041,962.14,,0.917680656,0.951912088,0.789380531,0.903563941,1045.91,,0.928979,0.959618,0.813814,0.905132,1023.29,,0.895331512,0.934269764,0.746839546,0.908711528,1050.73,,0.905761112,0.946547494,0.759871932,0.876392573,1008.27
180,0.8789421,0.9283091,0.7146834,0.8273942,966.95,,0.918301465,0.951517818,0.794636556,0.904138292,1023.61,,0.927117,0.958752,0.804934,0.902736,1027.81,,0.915321579,0.948440822,0.784067086,0.916241062,1070.38,,0.910355103,0.949005299,0.760648323,0.885802469,1012.97
181,0.8798113,0.9289349,0.7150223,0.8350916,971.06,,0.912714179,0.949385136,0.786142572,0.89596603,1019.01,,0.93109,0.962732,0.820128,0.893617,1073.99,,0.927613608,0.956998607,0.811152416,0.915025907,1074.61,,0.919791408,0.95505033,0.788554441,0.891706286,997.13
182,0.8809287,0.92927,0.7154414,0.83508,975.18,,0.906381922,0.942772967,0.772105439,0.903664921,1022.21,,0.930718,0.960957,0.814934,0.896444,1094.65,,0.905512789,0.944266382,0.771068348,0.889366273,1068.57,,0.913459151,0.951553853,0.76916996,0.868521549,1000.46
183,0.8798113,0.9282154,0.7173611,0.8319375,979.88,,0.924633722,0.957001489,0.811987157,0.896076352,1036.93,,0.9296,0.960838,0.815534,0.892536,1101.09,,0.916190713,0.949445129,0.784801136,0.912280702,1045.97,,0.916190713,0.952972646,0.777988615,0.883227176,1024.82
184,0.8814254,0.9295676,0.7165517,0.84228,984.98,,0.918673951,0.952288903,0.7920511,0.905185961,1077.83,,0.922399,0.956206,0.805836,0.87944,1077.35,,0.903402036,0.941364606,0.76695769,0.892209178,1050.87,,0.908244351,0.947140005,0.755403868,0.885128205,1039.41
185,0.8800596,0.9283264,0.7179487,0.8388521,990.15,,0.91668736,0.950610728,0.792283844,0.905086523,1080.88,,0.926496,0.95716,0.81505,0.884718,1052.02,,0.915073256,0.949033392,0.783369803,0.902316213,1056.45,,0.910479265,0.948401226,0.766280753,0.892690513,1043.92
186,0.8824187,0.9299553,0.7198606,0.8410705,994.9,,0.914824932,0.948242013,0.788023137,0.913907285,1086.54,,0.930221,0.960968,0.82147,0.888298,1056.58,,0.907747703,0.943529828,0.769975787,0.904637832,1090.93,,0.912714179,0.951009143,0.768825301,0.879440258,1042.8
187,0.8801838,0.9289847,0.7205225,0.8287786,997.85,,0.924261237,0.954894518,0.808116768,0.913705584,1050.14,,0.925379,0.958112,0.806202,0.886049,1062.09,,0.908740998,0.943057996,0.763954761,0.911927529,1101.33,,0.908368513,0.946779691,0.761801017,0.889586604,1024.88
188,0.883412,0.9311458,0.7252978,0.8300836,1003.81,,0.925378694,0.956018924,0.811416185,0.907580478,1048.89,,0.931711,0.962385,0.817213,0.896008,1112.62,,0.908120189,0.943412987,0.773732562,0.906903766,1108.95,,0.910603427,0.948651452,0.769058296,0.877682403,1029.55
189,0.8835361,0.9311947,0.7237569,0.8386023,1008.84,,0.903402036,0.940177054,0.761424731,0.909184197,1053.97,,0.919667,0.953979,0.793916,0.885297,1116.98,,0.906630246,0.940925267,0.766850069,0.917346939,1090.29,,0.913707475,0.948896228,0.777571482,0.893661603,1034.76
190,0.874969,0.9250619,0.7104736,0.8338907,1014.47,,0.90042215,0.936756418,0.752973157,0.914400806,1079.83,,0.929973,0.960967,0.818113,0.895789,1121.67,,0.899428855,0.9382229,0.761997406,0.894708712,1078.43,,0.919418922,0.95302714,0.786542056,0.903458957,1074.52
191,0.8762106,0.9262973,0.7075665,0.8348115,1016.95,,0.921653837,0.952687424,0.787624141,0.918674699,1107.34,,0.92662,0.95903,0.808027,0.894901,1084.04,,0.913459151,0.947003995,0.780926054,0.916367368,1082.94,,0.913210827,0.948622099,0.774360874,0.896117524,1093.49
192,0.8845294,0.9323414,0.7253204,0.8363029,1021.75,,0.925875341,0.958435637,0.81460475,0.895379713,1113.93,,0.930469,0.963033,0.819202,0.881029,1081.39,,0.896448969,0.934584499,0.750977836,0.90853347,1094.45,,0.918301465,0.952225468,0.780740151,0.893203883,1099.52
193,0.8878818,0.9340774,0.7314488,0.839779,1026.85,,0.925378694,0.956233074,0.807346327,0.906171601,1109.45,,0.924137,0.956462,0.792698,0.895801,1090.78,,0.915073256,0.948422545,0.786703601,0.912190083,1128.77,,0.915694065,0.951436031,0.781617647,0.8914647,1082.93
194,0.879563,0.9302285,0.7216917,0.8134626,1032.39,,0.923267941,0.954509598,0.806451613,0.907281299,1076.68,,0.931959,0.963466,0.823151,0.877838,1102.73,,0.910727589,0.9473124,0.782432432,0.893276414,1132.05,,0.915942389,0.951600244,0.783527697,0.891934634,1057.8
195,0.8810529,0.9301918,0.7228503,0.8250564,1035.63,,0.929227713,0.959479652,0.820948337,0.909186352,1080.62,,0.930469,0.960751,0.818879,0.889471,1118.1,,0.908492674,0.944877703,0.776190476,0.897027601,1136.89,,0.914824932,0.951099384,0.780418588,0.897342366,1062.62
196,0.8805562,0.9301387,0.7185792,0.8297872,1038.67,,0.925502856,0.955800618,0.811253561,0.913994911,1084.44,,0.926496,0.957315,0.815254,0.898109,1124.12,,0.924385399,0.954617137,0.805818182,0.914609053,1110.33,,0.908989322,0.945898472,0.76534296,0.897540984,1066.47
197,0.8801838,0.9292503,0.7148211,0.8402432,1044.53,,0.922647132,0.954606023,0.805980529,0.910379747,1124.55,,0.930966,0.961341,0.80249,0.908275,1120.02,,0.917928979,0.952977503,0.796950797,0.892421834,1109.47,,0.907002732,0.945603772,0.766140603,0.880557043,1097.69
198,0.8817979,0.9299745,0.7206231,0.8423973,1053.55,,0.929227713,0.958615236,0.822598057,0.909650924,1133.48,,0.927489,0.959552,0.805621,0.896976,1108.01,,0.920660541,0.952905634,0.799007444,0.910969011,1113.8,,0.917556494,0.952281978,0.783885542,0.89343832,1102.02
199,0.8806804,0.9287356,0.7188755,0.8475138,1054.21,,0.922771294,0.954356846,0.799126638,0.913920315,1139.03,,0.925875,0.957211,0.800323,0.895899,1113,,0.918425627,0.952625066,0.794311481,0.903192046,1151.79,,0.918301465,0.953571119,0.789161099,0.887361185,1105.77
200,0.879563,0.9283759,0.7198391,0.8373126,1059.37,,0.925006208,0.955853788,0.808870116,0.914992272,1114.92,,0.929476,0.962415,0.822818,0.874591,1118.79,,0.910230941,0.94417606,0.774519717,0.922058074,1162.9,,0.907126893,0.946393003,0.758594918,0.877453581,1092.72
201,0.878818,0.9280919,0.7202937,0.8325893,1062.47,,0.916811522,0.950111957,0.794007491,0.911266201,1111.64,,0.92302,0.955737,0.798048,0.900104,1143.4,,0.913334989,0.948466258,0.779612347,0.898535565,1166.12,,0.914204122,0.950456781,0.778447359,0.898581188,1088.71
202,0.8743481,0.9274553,0.7144799,0.7936879,1067.49,,0.927365284,0.957602468,0.816079687,0.911885246,1111.63,,0.928359,0.959358,0.81433,0.895476,1149.35,,0.909361808,0.945121951,0.775645268,0.912099276,1143.07,,0.916439037,0.950695104,0.783105023,0.892048447,1094.26
203,0.8781972,0.9281115,0.717777,0.8295964,1072.45,,0.924137075,0.955362624,0.802197802,0.912405063,1139.29,,0.928979,0.960165,0.810639,0.895415,1151.78,,0.918177303,0.950438869,0.790406674,0.920081967,1136.17,,0.910230941,0.948638886,0.76993007,0.891934634,1113.39
204,0.8786938,0.9284831,0.7205589,0.8288288,1078.44,,0.907375217,0.942557577,0.774917492,0.911933299,1171.22,,0.930469,0.959741,0.815082,0.901111,1131.93,,0.91470077,0.950035063,0.790402258,0.887459807,1140.4,,0.916935684,0.95214062,0.785163423,0.89276281,1138.86
205,0.8851502,0.932657,0.7311011,0.8306134,1081.58,,0.919667246,0.951396253,0.797490415,0.915236609,1173.51,,0.928607,0.9604,0.819597,0.88535,1145.22,,0.923267941,0.954996052,0.798111837,0.914578005,1166.47,,0.906506084,0.944919362,0.763560501,0.8933687,1137.77
206,0.8849019,0.9327346,0.7269636,0.8413488,1086.05,,0.917059846,0.949924665,0.789583333,0.915167095,1160.06,,0.936926,0.964885,0.837411,0.897787,1150.59,,0.91470077,0.948751874,0.78566409,0.904935065,1190.28,,0.918673951,0.952504767,0.786305493,0.898535565,1139.32
207,0.8829153,0.9311043,0.7278267,0.8328675,1091.75,,0.929103551,0.958935495,0.821215314,0.912702561,1132.95,,0.928607,0.95928,0.815367,0.892178,1150.12,,0.917556494,0.950706102,0.79392475,0.909836066,1194.6,,0.919667246,0.954142516,0.780153288,0.888771745,1118.3
208,0.8805562,0.9288357,0.7242771,0.8337079,1097.56,,0.912962503,0.946385272,0.783668094,0.923553719,1137.2,,0.927117,0.95784,0.806608,0.89443,1153.53,,0.892227465,0.931789398,0.739884393,0.911340206,1177.77,,0.923267941,0.957025083,0.797923619,0.899950224,1122.94
209,0.8815495,0.9290699,0.7222781,0.8468368,1100.57,,0.921033027,0.952727919,0.800411523,0.918472652,1153.51,,0.930345,0.960307,0.814395,0.896875,1161.76,,0.912590017,0.947508423,0.779696133,0.907962771,1161.19,,0.923143779,0.956431356,0.796183206,0.896551724,1130.11
210,0.886516,0.9327378,0.7307425,0.8429204,1105.74,,0.921157189,0.95402806,0.800699301,0.906527415,1190.91,,0.930842,0.961678,0.826202,0.887826,1175.11,,0.889247579,0.930561859,0.737937559,0.902083333,1167.14,,0.916935684,0.952821947,0.788205681,0.888888889,1155.85
211,0.8813012,0.9296469,0.7242659,0.8344519,1110.93,,0.924633722,0.954874749,0.805413314,0.913928013,1196.01,,0.92662,0.958503,0.812126,0.893819,1182.97,,0.914949094,0.947621593,0.786873921,0.916960242,1190.25,,0.920412218,0.954393771,0.786081455,0.890063425,1162.04
212,0.8824187,0.9312709,0.7261017,0.8292135,1115.01,,0.907996027,0.944290935,0.775619558,0.901734104,1188.33,,0.929973,0.962814,0.819601,0.891935,1163.67,,0.90886516,0.945389755,0.774150118,0.90376569,1218.69,,0.921777999,0.955683003,0.79587325,0.896076352,1166.02
213,0.8805562,0.9294906,0.7242881,0.8306134,1119.19,,0.924757884,0.955875851,0.809606683,0.913811007,1159.83,,0.935063,0.96367,0.82753,0.898536,1176.57,,0.915569903,0.948877805,0.787755102,0.916494845,1226.09,,0.915073256,0.951601671,0.777614138,0.890756303,1147.95
214,0.8760864,0.9270925,0.7165952,0.823662,1124.26,,0.932828408,0.9612296,0.829212628,0.903055848,1162.77,,0.924385,0.956179,0.8,0.894155,1178.16,,0.92835858,0.958705162,0.816952868,0.906749098,1207.96,,0.915694065,0.951595931,0.780487805,0.89874739,1151.22
215,0.8779488,0.927508,0.7195243,0.8336116,1130.58,,0.929476037,0.959655445,0.821196828,0.907511497,1174.84,,0.918798,0.952023,0.787927,0.886994,1182.1,,0.916935684,0.949673318,0.7932726,0.907676349,1189.28,,0.920908865,0.954545455,0.796723753,0.892291447,1156.07
216,0.8829153,0.9316224,0.724983,0.8325893,1157.24,,0.91407996,0.94923722,0.785474109,0.908051948,1219.08,,0.931959,0.962152,0.821567,0.89798,1190.82,,0.926620313,0.956313691,0.812544045,0.920906801,1194.76,,0.920163894,0.953450212,0.786042945,0.901613743,1189.19
217,0.8789421,0.9285904,0.7185234,0.8384231,1188.48,,0.932331761,0.960861571,0.824528999,0.915151515,1225.07,,0.926248,0.957456,0.806514,0.897571,1198.83,,0.91209337,0.945623106,0.779753762,0.917599186,1218.59,,0.923267941,0.955576806,0.792012057,0.911327524,1202.28
218,0.8799354,0.9289376,0.7215739,0.8356546,1182.9,,0.925378694,0.955697324,0.810020877,0.919917864,1221.22,,0.925503,0.957927,0.807707,0.88295,1196.06,,0.932083437,0.960471567,0.816640986,0.918016194,1246.14,,0.918425627,0.955988076,0.78611898,0.889243876,1203.11
219,0.8779488,0.928211,0.7191011,0.8291317,1170.77,,0.903774522,0.939763388,0.764896373,0.919363123,1184.62,,0.930593,0.961475,0.818356,0.896296,1201.68,,0.924882046,0.956376135,0.808933002,0.909278351,1247.61,,0.927861932,0.959668365,0.802811402,0.903455285,1174.23
220,0.8800596,0.92957,0.7207447,0.8353726,1180.05,,0.924757884,0.9553295,0.809192201,0.917659244,1190.03,,0.921902,0.954882,0.794447,0.894266,1203.9,,0.91407996,0.948908994,0.780640669,0.909276249,1228.23,,0.920660541,0.954067231,0.781435938,0.89978903,1184.33
221,0.8809287,0.9292911,0.7214765,0.8412348,1179.56,,0.917556494,0.94989301,0.791342577,0.922997416,1200.39,,0.924137,0.956582,0.804233,0.892914,1213.53,,0.936553265,0.963419932,0.836527621,0.914344685,1216.45,,0.917928979,0.95335074,0.793777135,0.883495146,1203.06
222,0.8791905,0.9277492,0.7173841,0.8442488,1191.88,,0.922895456,0.953715948,0.800998573,0.918918919,1228.69,,0.925503,0.957471,0.809132,0.894765,1212.9,,0.913086665,0.946499867,0.785246467,0.910123967,1220.29,,0.921653837,0.954644003,0.793233083,0.901408451,1225.53
223,0.8764589,0.9269937,0.7156927,0.8317496,1188.55,,0.917432332,0.949428749,0.790502793,0.91858679,1232.07,,0.926993,0.959579,0.813354,0.884965,1214.35,,0.918922275,0.951478661,0.793561931,0.914110429,1257.15,,0.920163894,0.954627949,0.778979907,0.903027193,1240.8
224,0.8747206,0.9253119,0.7118314,0.8386023,1200.85,,0.926868637,0.9581189,0.819047619,0.903644533,1229.17,,0.922399,0.956447,0.808896,0.870985,1225.58,,0.922398808,0.953233307,0.797671033,0.91798268,1279.03,,0.923267941,0.956878492,0.802060338,0.894519131,1232.89
225,0.8781972,0.9290265,0.7222955,0.8209459,1211.27,,0.927613608,0.957373577,0.815155807,0.917562724,1211.53,,0.92004,0.953983,0.794349,0.878181,1268.83,,0.922150484,0.953367876,0.795777212,0.917933131,1280.92,,0.909113484,0.947424042,0.771587744,0.887825625,1205.87
226,0.8738515,0.9244341,0.7116445,0.8363838,1237.07,,0.920288056,0.952927669,0.800556909,0.906903766,1216.81,,0.924634,0.957498,0.812355,0.874459,1282.21,,0.912465855,0.945331913,0.781975737,0.915601023,1247.2,,0.922771294,0.955790569,0.789954338,0.906378601,1212.91
227,0.8815495,0.9302944,0.7279921,0.8349083,1244.42,,0.920908865,0.952650177,0.797306875,0.915564598,1234.46,,0.925379,0.957253,0.812596,0.883495,1267.35,,0.90687857,0.941663666,0.769739016,0.921439432,1243.72,,0.919667246,0.95377129,0.784592371,0.903426791,1218.63
228,0.8837845,0.9322288,0.7305752,0.8310962,1223.61,,0.915942389,0.948829759,0.78815331,0.914542729,1272.82,,0.928483,0.958872,0.820492,0.880172,1268.48,,0.917432332,0.949889916,0.789380531,0.913900415,1262.24,,0.918673951,0.954213092,0.79024035,0.889007471,1252.78
229,0.8849019,0.9328628,0.7281292,0.8417546,1271.72,,0.920660541,0.954212616,0.80608365,0.894680851,1280.98,,0.937547,0.965262,0.837209,0.90411,1304.73,,0.912465855,0.947815319,0.778355879,0.905680042,1307.97,,0.912217532,0.949473684,0.77266289,0.89596603,1225.08
230,0.8888751,0.9356766,0.7391008,0.8370536,1254.96,,0.939284827,0.966862271,0.841057066,0.90623363,1264.36,,0.9296,0.960556,0.813135,0.896186,1309.06,,0.926247827,0.956666375,0.809070958,0.91235264,1314.98,,0.918549789,0.952880497,0.789169675,0.900473934,1237.03
231,0.8832878,0.931756,0.7305509,0.8320269,1232.38,,0.923640427,0.954747116,0.807492196,0.915601023,1238.86,,0.921406,0.954816,0.796624,0.87649,1294.12,,0.919543084,0.951282279,0.795953959,0.917849899,1288.89,,0.914452446,0.949158455,0.774002954,0.905328505,1242.83
232,0.8847778,0.9328865,0.7293563,0.8379578,1226.79,,0.929724361,0.960119729,0.819971871,0.912335958,1244.4,,0.921033,0.954211,0.788454,0.883298,1266.93,,0.919543084,0.952456558,0.795079086,0.909657321,1267.13,,0.916811522,0.953593859,0.785868782,0.885561497,1250.32
233,0.8846536,0.9319446,0.7322808,0.8390677,1228.29,,0.923640427,0.954785362,0.807190694,0.911192853,1278.63,,0.929104,0.960409,0.817431,0.895428,1269.78,,0.921405513,0.952280702,0.801997859,0.912335958,1270.33,,0.92252297,0.957183635,0.790558262,0.896698616,1238.8
234,0.888006,0.9350101,0.7383051,0.8360381,1234.06,,0.923516265,0.954281695,0.804826118,0.915448852,1310.08,,0.928607,0.959121,0.808176,0.903125,1275.03,,0.912341694,0.947359155,0.776520509,0.905208333,1291.18,,0.917432332,0.954521694,0.782293179,0.889007471,1231.81
235,0.8817979,0.9305334,0.7284725,0.8341709,1244.32,,0.922150484,0.953378918,0.801652893,0.92125579,1315.95,,0.933698,0.962925,0.82243,0.906282,1279.88,,0.915073256,0.948717949,0.785787496,0.915341201,1324.95,,0.920163894,0.954775624,0.787481805,0.903462749,1247.94
236,0.8821704,0.9317981,0.7287689,0.8292135,1244.68,,0.931090142,0.959594193,0.827062229,0.910994764,1273.17,,0.92215,0.955174,0.779355,0.890862,1305.31,,0.917184008,0.950199027,0.786294596,0.915821501,1328.87,,0.90886516,0.947498238,0.769606135,0.8881823,1257
237,0.8816737,0.931927,0.7269142,0.8278183,1286.61,,0.927365284,0.958246347,0.813073816,0.904182107,1265.73,,0.926372,0.958437,0.807947,0.888889,1342.04,,0.926744475,0.956331878,0.807863501,0.917431193,1303.89,,0.917184008,0.953533228,0.784299604,0.893506494,1266.37
238,0.8800596,0.9307071,0.7247796,0.8263811,1306.53,,0.930841818,0.959549771,0.822309617,0.919030428,1269.89,,0.928359,0.960364,0.801581,0.901145,1347.1,,0.908492674,0.943137255,0.769857434,0.918640577,1292.38,,0.914452446,0.950345915,0.776453593,0.9,1262.67
239,0.8822945,0.931565,0.7275141,0.8313725,1285.32,,0.924633722,0.955811298,0.810332626,0.907846235,1333.05,,0.926744,0.958548,0.799686,0.903059,1313.41,,0.913707475,0.947499113,0.781163435,0.914609053,1296.23,,0.916190713,0.950202813,0.77909195,0.897894737,1281.5
240,0.8789421,0.9284257,0.7198418,0.8371317,1280.9,,0.914328284,0.947893471,0.789101917,0.911949686,1341,,0.922026,0.955758,0.799705,0.892178,1301.72,,0.93555997,0.963073415,0.832967033,0.91856348,1339.47,,0.91147256,0.948431872,0.772291297,0.896335079,1275.18
241,0.878073,0.9287049,0.7192982,0.8334262,1287.66,,0.91991557,0.951593029,0.79943101,0.908996898,1329.4,,0.918053,0.952438,0.786517,0.884822,1306.75,,0.926371989,0.957389098,0.805617147,0.91231627,1352.24,,0.922647132,0.955503513,0.788135593,0.907715582,1266.8
242,0.8784455,0.9283942,0.7218935,0.8294052,1311.57,,0.920536379,0.951865969,0.80126183,0.913880446,1286.38,,0.918053,0.952874,0.79162,0.882639,1366.27,,0.920908865,0.953112583,0.799017888,0.912008282,1347.73,,0.923267941,0.955938697,0.798825257,0.904210526,1271.13
243,0.8811771,0.9296372,0.728,0.8309938,1321.53,,0.915942389,0.948966007,0.791538724,0.912041885,1291.24,,0.930718,0.960268,0.818959,0.901364,1371.27,,0.915197417,0.947711842,0.785764623,0.914463453,1314.3,,0.920784703,0.953480358,0.786604361,0.902691511,1284.93
244,0.8827912,0.9314028,0.7315123,0.8285554,1304.4,,0.923888751,0.95582116,0.809640238,0.906666667,1324.33,,0.934815,0.96316,0.828808,0.903226,1356.32,,0.917432332,0.949920085,0.792052073,0.917488324,1319.02,,0.914824932,0.949394652,0.777777778,0.899742931,1318.82
245,0.8866402,0.933392,0.734375,0.8404669,1293.25,,0.930717656,0.960272418,0.819803422,0.912997904,1360.86,,0.923144,0.954565,0.805252,0.905888,1324.65,,0.911348398,0.94775191,0.780487805,0.899053628,1346.99,,0.916935684,0.952330695,0.783226724,0.903326403,1334.53
246,0.8850261,0.9321779,0.7303183,0.845645,1295.07,,0.916811522,0.950235075,0.793867121,0.908421053,1362.32,,0.925006,0.958249,0.809302,0.895127,1326.5,,0.921529675,0.953159719,0.798603839,0.919678715,1372.28,,0.918177303,0.952232606,0.784505453,0.898045431,1337.18
247,0.8831636,0.9311898,0.7288532,0.8374165,1306.88,,0.916190713,0.948916823,0.791864407,0.916022669,1318.09,,0.929476,0.959924,0.806542,0.905544,1365.63,,0.921777999,0.953519023,0.801994302,0.90880667,1376.27,,0.917059846,0.952007665,0.778637201,0.90376569,1288.06
248,0.883412,0.9309522,0.7296395,0.8406441,1334.69,,0.923640427,0.955486999,0.807165437,0.908141962,1312.66,,0.92662,0.95813,0.80285,0.89753,1392.47,,0.905140303,0.942357687,0.767656766,0.905876235,1342.67,,0.923640427,0.955766055,0.793698425,0.911627907,1292.69
249,0.882667,0.9301094,0.7273338,0.8409344,1341.63,,0.913707475,0.948212853,0.786411033,0.909185804,1322.99,,0.92153,0.954923,0.792722,0.887242,1399.07,,0.916439037,0.950330834,0.789029536,0.905132193,1341.52,,0.915818227,0.951370926,0.779506641,0.887466667,1297.97
250,0.8777005,0.9282491,0.720869,0.8239955,1361.81,,0.917680656,0.95116735,0.79394958,0.913657771,1375.55,,0.918426,0.953366,0.792595,0.87957,1346.2,,0.92190216,0.953924317,0.787856072,0.91798419,1355.68,,0.923019618,0.956227789,0.794900637,0.901260504,1319.38
